{"cameraMode":{"drawMode":0,"name":"Shaded","section":"Shading Mode"},"sceneLighting":false,"audioPlay":false,"sceneViewState":{"m_AlwaysRefresh":false,"showFog":true,"showSkybox":false,"showFlares":true,"showImageEffects":true,"showParticleSystems":true,"showVisualEffectGraphs":true,"m_FxEnabled":true},"in2DMode":false,"pivot":{"x":5.519999980926514,"y":4.28000020980835,"z":-0.23000001907348634},"rotation":{"x":-0.03815310820937157,"y":0.3539425730705261,"z":-0.014452283270657063,"w":-0.9343773126602173},"size":1.2247449159622193,"orthographic":true}