{"cameraMode":{"drawMode":0,"name":"Shaded","section":"Shading Mode"},"sceneLighting":true,"audioPlay":false,"sceneViewState":{"m_AlwaysRefresh":false,"showFog":true,"showSkybox":true,"showFlares":true,"showImageEffects":true,"showParticleSystems":true,"showVisualEffectGraphs":true,"m_FxEnabled":true},"in2DMode":false,"pivot":{"x":12.453039169311524,"y":4.092067718505859,"z":20.21901512145996},"rotation":{"x":-0.03815310820937157,"y":0.3539425730705261,"z":-0.014452283270657063,"w":-0.9343773126602173},"size":16.129268646240236,"orthographic":true}