{"cameraMode":{"drawMode":0,"name":"Shaded","section":"Shading Mode"},"sceneLighting":true,"audioPlay":false,"sceneViewState":{"m_AlwaysRefresh":false,"showFog":true,"showSkybox":true,"showFlares":true,"showImageEffects":true,"showParticleSystems":true,"showVisualEffectGraphs":true,"m_FxEnabled":true},"in2DMode":false,"pivot":{"x":2.3000001907348635,"y":-1.510000228881836,"z":-12.649999618530274},"rotation":{"x":-0.03815310820937157,"y":0.3539425730705261,"z":-0.014452283270657063,"w":-0.9343773126602173},"size":12.12435531616211,"orthographic":true}